Unnamed: 0,안흥지 애련정,소래역사관,KT&G상상마당 홍대,명동난타극장,백운계곡관광지
세종문화회관,0.8387647395993798,0.8890529987373603,0.7673855284185761,0.8836986568703507,0.8694069996874162
코엑스 아쿠아리움,0.9791092899845504,0.997849594494962,0.9925206124852768,0.9980786550585408,0.9897378913654488
해피씨어터,0.968669062609486,0.978601035712242,0.8414287069336438,0.981663038986018,0.9648046132683296
덕수궁,0.7484379316076928,0.8061076887007885,0.7627608284169176,0.8265508654784333,0.7618761602169755
석촌호수 서호,0.9641297776583596,0.9192061931678546,0.8696113074204948,0.9014710297208044,0.9590822929603242
경복궁,0.9838785517565662,0.9963135905627918,0.9832155477031802,0.9907535274692284,0.9898032551147136
아트스페이스 이색,0.7283179318812615,0.792665308504506,0.7312262549145311,0.8497367030855638,0.75096431687
국립현대미술관 서울관 아트샵,0.953314972795056,0.9905996559351192,0.9972320376914016,0.9969978985289702,0.9681024903588472
아모레퍼시픽미술관,0.9306006334173896,0.9734399601722412,0.9047478485583562,0.9627976242159196,0.9454038476033204
난지한강공원,0.0,0.0,0.0,0.0,0.0
서울특별시교육청 정독도서관,0.8277789363882082,0.878741874264774,0.7627513499154337,0.8501083338219626,0.846212703843636
라온아트홀,0.919969988301224,0.9485586189954386,0.9173338661306618,0.9151948776554972,0.9151697598881716
명륜당,0.9831709384494166,0.9862855609019372,0.8664134714247511,0.980466522805561,0.994809927861052
남산공원,0.9565011582138332,0.97555095082721,0.8974998961682592,0.9613209468553396,0.9701566559994844
봄날아트홀,0.8754600044545506,0.930751683703416,0.9653793004331326,0.911672237143623,0.8934998038114434
보신각터,0.976452780461663,0.9813109795266536,0.8419835488030427,0.9834330820848198,0.9850307596076718
일산호수공원,0.970588975933524,0.9804157405577448,0.8549487372758142,0.9883129451275504,0.980901155915229
KT&G상상마당 홍대,0.7811857893715557,0.8349981815400302,0.4153121319199058,0.808729573148548,0.8290157022853875
디뮤지엄,0.9143682136468156,0.9288601833125728,0.6917258233445829,0.9066891897789872,0.8989498504626995
판교박물관,0.82957475600973,0.8049293456176108,0.6720563324545672,0.8213689446991811,0.8204974934767617
동춘서커스 상설공연장,0.9375449742057612,0.9687419153199712,0.8483906628467552,0.9701177549857694,0.9407649884345644
동대문디자인플라자(DDP,0.9503879574715716,0.9624266770917926,0.8038286772165197,0.9716081828532412,0.9543835262889192
흥인지문,0.986028078189024,0.998095355124109,0.9841578327444052,0.993035124587211,0.994640172560298
이정웅 스페이스,0.944901272853151,0.9742299130252464,0.8961576670248348,0.984212326826662,0.9506690352291148
벽초지수목원,0.8950545715972383,0.910800938405222,0.7841659405298393,0.900131277551329,0.8955646421484862
화성행궁,0.7422186444959717,0.7708098904228097,0.64320732751903,0.7426405161924248,0.7899663913280126
방화수류정,0.7830650524783964,0.799357966170666,0.8512833671694591,0.77006278071831,0.7960422798920228
잠실종합운동장 올림픽주경기장,0.8906485016868377,0.9173838788469308,0.8859878688888166,0.895695662603399,0.8931417732492892
인천항갑문,0.9620638159487104,0.9887475331841966,0.9012618777685896,0.9895369839129864,0.9737745714941934
템플,0.9744072009135488,0.9979110346522486,0.9943462897526502,0.9991594115881116,0.9846395189228054
안흥지 애련정,0.3408342849465977,0.9448261899067572,0.811548368388711,0.9339563308206632,0.9482666741714963
이천시립월전미술관,0.9680303977759968,0.9915869900221976,0.9069028814781585,0.9678360529962672,0.9769744446646096
명동난타극장,0.9522230152501144,0.97721859496314,0.8515475795416243,0.4010207145001501,0.9593204251095886
그랜드워커힐서울 컨벤션센터,0.9645258320113514,0.9811530038401122,0.8456271382313678,0.989903849164157,0.976225204695436
팔달문,0.9854235238798952,0.9558245269107888,0.9166666666666666,0.9380366256379464,0.9685600366036996
에버랜드,0.9416851774324572,0.9778308228431516,0.8815319828490525,0.9878170107958752,0.9560820002552828
낙천지,0.7965281726365945,0.7546005015481531,0.6792067618245163,0.7797798055885601,0.8105559202166351
백운계곡관광지,0.9519791923947182,0.96104869535885,0.8646509224850479,0.9434996545254544,0.3495653310673901
소래역사관,0.972619778771106,0.3873801916932907,0.8888282358459518,0.9856847630596116,0.9863048557480996
인천대공원,0.958957479680258,0.918407471123126,0.8640164899882214,0.8942059441609126,0.953199555526505
인천대공원 환경미래관,0.9762122666765788,0.995653057708004,0.8674477280861226,0.99084056774603,0.9918948950911824
서울식물원 식물문화센터,0.9934842480016122,0.9941631850577536,0.9740871613663132,0.9879315520864604,0.9992156350088242
칠궁,0.9180775281370286,0.9645661211071764,0.9063557019114772,0.9373267256462036,0.93513397511212
청와대 본관,0.8731085569826865,0.9148516041902892,0.777178876525487,0.94960248604723,0.8847762281357773
의정부음악도서관,0.7631797542691517,0.7927354899459046,0.6795511473784301,0.7488001356420572,0.7404734872427672
수원화성박물관,0.8542884549253954,0.8895708461758993,0.8114384540954733,0.8316365512161812,0.8407050885776112
수원화성,0.9830053066433802,0.9992627181125584,0.988221436984688,0.9960372260582409,0.9928753513301524
킨텍스 제2전시장,0.9207058998648364,0.973685841734372,0.8477640194438814,0.9692459487900648,0.9519543010361808
중남미문화원,0.97218957466986,0.9834701914335638,0.8915603984781214,0.9854732094444946,0.9899900915951588
라페스타,0.9477108981941484,0.9566710701983596,0.8762228569094437,0.9390167826201242,0.9512699382719876
낙산공원,0.9803898110501597,0.9802291905778048,0.8345719294898182,0.9848615154619328,0.972039999417259
혜화문,0.8256256159354785,0.8643866329933012,0.8950295265944272,0.8420310646097084,0.8264075503721383
아트스페이스J,0.9462121888706368,0.977789150577391,0.8676801741138355,0.9796155428598642,0.953677682594579
남한산성,0.9871700141062674,0.9965593511919392,0.9825088339222614,0.9917742419693784,0.9925485325838292
렛츠런파크서울,0.9758178276348493,0.9984025559105432,0.9944051825677268,0.9987391173821676,0.9880384338845676
흥인지문공원,0.9375283432747956,0.9580468317257598,0.7955702706492547,0.9600258236863616,0.9650519480551978
서대문형무소역사관,0.8821653255316106,0.9450366691131926,0.9429933793044084,0.924662539643362,0.8944290582151349
힐튼가든인 서울강남점,0.7934018963668641,0.834012863002676,0.6869766828863497,0.8642141793512111,0.7916721738845882
틴틴홀,0.949821992342312,0.9893708527893832,0.9977620730270906,0.996577604323026,0.966403032877966
세빛섬,0.9118392673581402,0.9148318642063746,0.7915258290193472,0.9195927882076788,0.9315536069348852
청운문학도서관,0.9420367447582776,0.933441887533913,0.8337638683909727,0.9248794046925009,0.9459692016356008
이촌한강공원,0.9229201385904258,0.9524973659555864,0.9024838025911194,0.9210712915664824,0.914901027578748
평화랜드,0.9299985823058462,0.9676228107936125,0.947986863605666,0.9352224415921928,0.9475979225281932
임진각 평화누리,0.9891851951366964,0.9956991889899238,0.9763250883392226,0.988291804262984,0.9955552650500032
"국립공원공단 북한산생태탐방원, 광륜사",0.9894538859407538,0.99250430081101,0.9740282685512368,0.9873311317922544,0.998300542519119
녹야선원,0.9634203493546704,0.9629138416618368,0.849908158597878,0.965721460688772,0.9981322572771664
소극장혜화당,0.973130919594277,0.9979724748095355,0.9953474676089517,0.9995196637646352,0.9853585201647168
하이커그라운드,0.936072905037748,0.9716737184446466,0.8662644266150838,0.9814158167164152,0.9615115077871136
보안여관,0.921990054489334,0.9458222652779474,0.800680231546838,0.9516319905388616,0.9470291522599744
창덕궁,0.9652761565730263,0.9728585174886334,0.8706401394730995,0.9634978482677524,0.954815720101249
진관사,0.7902998426344512,0.804214061129775,0.7588886241122386,0.8007079999665645,0.7583582365233001
서울공예박물관,0.8278593489362798,0.907632339196404,0.8720889657769212,0.8878144537814712,0.8573147269253524
천주교서울대교구 주교좌 명동대성당,0.765694572824447,0.8105840882011504,0.6838525400122295,0.8103534160956747,0.7622776079058609
달마사,0.7721947422395758,0.817373318606714,0.7175769386345502,0.8539566497534609,0.7702153798093965
파주디엠지곤돌라,0.9516427227021972,0.9760073115957764,0.904080261867077,0.9624400801921664,0.9434507511117746
퍼스트가든,0.7799043804196233,0.7423263029635924,0.5763676079510851,0.7325225705872462,0.7781027561510387
국립민속박물관 파주,0.7554311988548505,0.7709612706104844,0.7036399159093117,0.7657436595219036,0.7908941652469537
지혜의숲,0.9878417411164102,0.9991398377979848,0.9862779740871612,0.9959171419993996,0.99424799006471
파주공룡박물관,0.9587352549271042,0.983880541853194,0.8586329684350138,0.9729131731984298,0.9779836799979892
종묘,0.9915362396721972,0.9949004669451952,0.9775618374558304,0.9891323926748724,0.9954899013007388
광명새빛공원,0.9848057297237092,0.9882122124799712,0.8539212382445678,0.9857678768233415,0.9858624445058016
화담숲 곤충생태관,0.9756163095318062,0.9984025559105432,0.9940518256772674,0.9985589912939056,0.988169161383097
곤지암리조트 스파라스파,0.97044469975475,0.9896318664786744,0.882199466736628,0.9843925577864434,0.9905300827689676
서울우리소리박물관,0.9599603490649842,0.972408640588488,0.844237711907561,0.9764144631026984,0.9827747267435238
북촌마을서재,0.9695659240725404,0.980880898425646,0.8799284643854388,0.9584977962946608,0.9592311789866028
장안문,0.9765190652763542,0.9795687693534636,0.8537789476382357,0.9792884393369,0.9868936160357656
테르메덴,0.916315052391034,0.9436937641471436,0.9107609639807348,0.9409040967534767,0.9342896192107034
한국민속촌,0.7954161895109703,0.7750141752061684,0.6296089401938768,0.7838437065197668,0.7839192818584124
펀시티,0.6821057415843015,0.7784482843305855,0.6419001921332687,0.7651409721522008,0.8105851650034313
알비,0.9729275864946942,0.9660363374963468,0.825121147311265,0.9668254154153668,0.966621651126118
춘천삼악산호수케이블카,0.98206488882918,0.997235192922094,0.9868080094228504,0.9947763434404082,0.9922870775867704
토이로봇관,0.9392087055820516,0.9845170803637258,0.9948763250883392,0.9917742419693784,0.9591476567095888
애니메이션박물관,0.9697051118425472,0.9963135905627918,0.9956419316843346,0.9992794956469528,0.9826786064448656
플레이 더월드 강남점,0.9716196158350512,0.981982445963484,0.8527582096639046,0.985533902294228,0.9823596245368342
창경궁,0.969048282780426,0.9810257203246024,0.8482948600752496,0.969243891457607,0.9905432507424874
팔달문화센터,0.7657349805666644,0.8272763035626758,0.8134674325405522,0.8049753300545766,0.7908824360543882
국립중앙박물관,0.979539857798266,0.9868933390683268,0.8517619732389623,0.9888163746884198,0.9752901117603342
전쟁기념관 어린이박물관,0.7689756194474433,0.7742658946189238,0.6804877850695302,0.80421743592034,0.7177864798462654
국립고궁박물관,0.9755026743456972,0.9934411934406048,0.8751976778151116,0.9844765537047206,0.9910603013532966
남산공원 N서울타워,0.805136893778408,0.8716015599040107,0.7426957283142098,0.8615075225420559,0.8103159148718767
서대문 자연사박물관,0.8465273442992738,0.8775832711655109,0.8074537105763216,0.9404376374877188,0.8718244853216401
펀타임 대학로,0.8403075722375933,0.8800431162675998,0.7867511761086385,0.8734830727959793,0.8807846501061265
인천개항박물관,0.982841372162202,0.975612353774348,0.8555331283564552,0.9592705328333756,0.969561539358277
마이랜드,0.9691125885713854,0.9910910748655044,0.8641965232609827,0.9839160216014357,0.9798377577770698
몬스터리움,0.93737478173062,0.9260404571559492,0.7873021868266785,0.9444919858572736,0.9536494108963512
금빛수로보트하우스,0.984080069859609,0.9986483165396902,0.9859835100117784,0.9939957970579404,0.9941172625661808
한강중앙공원,0.8675699185340409,0.8129628368848725,0.688043404957359,0.7879172217017545,0.8497877096077956
아라마리나클럽하우스,0.9710849798995016,0.9878083738363734,0.8754273995446755,0.955265498753679,0.9786690367026488
아이스타일,0.9680167122028736,0.9808831465388,0.8989251255952848,0.9775826793951492,0.9750115651576352
가드너스,0.9123881950542622,0.8799027347797281,0.7382527475660539,0.8637089022009231,0.8874190706564893
반포한강공원,0.8602070801938142,0.8210378422747624,0.7864023562883038,0.7990083071506675,0.8018225615255404
올림픽공원,0.8449417219587474,0.8734294464447104,0.967923387116119,0.8590992282905853,0.8891692538543134
노들섬,0.7939181255988018,0.8437600366624153,0.9345431684403048,0.7918823891817255,0.8351784668066562
석파정,0.987102841405253,0.9968051118210864,0.9803886925795052,0.9903332332632844,0.9928753513301524
여의도공원,0.7595424584137402,0.7928826901935356,0.8036116551711565,0.7399271198459079,0.7724704187330782
평택남부문예회관 대공연장,0.8894317230144407,0.9354409593639624,0.9962897526501768,0.9169248228203388,0.9170853090622432
석남사,0.9912003761671258,0.994654706316048,0.978268551236749,0.9900930651456018,0.998104451271325
수원탑동시민농장,0.9834755155504804,0.9979724748095355,0.9877502944640754,0.9948964274992494,0.9925485325838292
서울대학교 수원수목원,0.9744072009135488,0.9382526419267632,0.891813898704358,0.9209246472530772,0.9706516765801688
DMZ생생누리,0.9812588164170082,0.9992012779552716,0.9918727915194346,0.9974181927349144,0.991045166350742
파주임진각평화곤돌라 DMZ탑승장,0.9570000683137598,0.9885237141394324,0.8991967980895508,0.9639178278591376,0.9742472318897027
서울어린이대공원,0.967079525011198,0.9965549293859286,0.8674062810595691,0.987482769840666,0.9811991851411934
서울어린이대공원 동물원,0.9815275072210654,0.9976038338658146,0.9891048292108364,0.996877814470129,0.9928099875808876
한성백제박물관,0.8071226461910715,0.6747754113253255,0.7860058389762286,0.7905565941777244,0.8863147089649177
코마린 이스트보트하우스 송도지점,0.9384403415950432,0.968972348468677,0.8424835311893415,0.9651242944961298,0.9449960748387404
월미양궁연습장,0.9812820690544068,0.9757001108093424,0.8445797740977707,0.9732600943541398,0.96768501798643
월미테마파크,0.9614428696177876,0.9926271811255836,0.997173144876325,0.9971179825878114,0.9743774102882542
송도달빛축제공원,0.9048302570663396,0.9217988195849316,0.816246788926314,0.9612978751210302,0.9539772131571918
서축공업기념관,0.9653189462753394,0.984082410011038,0.9067485902528108,0.9610883788383708,0.9764330042838972
오두산통일전망대,0.9782360448713644,0.9990169574834112,0.9934040047114252,0.998498949264485,0.987973070135303
명필름아트센터,0.8516415516906771,0.8674433319822741,0.785700988299979,0.7037912257269084,0.8200736126210588
이랜드크루즈,0.9487481205782148,0.9825288304852726,0.8777524560832858,0.9694105816535356,0.959936515284761
신촌파랑고래,0.9656075770806744,0.9959449496190712,0.9958186101295642,0.9990393275292704,0.97993332897575
그라운드시소 성수,0.8361364463193593,0.8480894498735017,0.7312696175167642,0.8852038222707812,0.8365188789330189
인천화교역사관,0.8589100494347293,0.8802186582451996,0.7420417562600945,0.8605841349809964,0.8735688091361562
인천아트플랫폼,0.9479411567139115,0.9899852543622512,0.9991166077738516,0.9966976883818672,0.9651611216419376
평화문화진지,0.9673540673070464,0.9958835094617842,0.992756183745583,0.9957970579405584,0.9834629714360416
경희궁,0.9678229461675664,0.98856103901948,0.8847455717989977,0.9778864582583746,0.9812952845879536
서울특별시 중부공원녹지사업소 서울창포원,0.7987109609309836,0.8525509963228186,0.7715160784307276,0.8371657478636361,0.8100919654884964
포천아트밸리,0.8767416130917605,0.9394611469363532,0.90622843435305,0.9149687746592654,0.9211909782512202
아침고요수목원,0.7915280853812598,0.8011551047251109,0.7036542364652413,0.7907068041227955,0.8168127650258845
하남역사박물관,0.9787734264794788,0.9990169574834112,0.9902826855123674,0.9963374362053438,0.9882345251323617
하남유니온타워,0.958377996570876,0.9886531806503356,0.8582647872504765,0.965172748222636,0.964525621825142
선법사,0.9782610340575152,0.9833604835116496,0.8844710756296692,0.9720579521251024,0.9752667159308972
광주향교,0.9836098609525088,0.9984025559105432,0.9895170789163722,0.9972380666466526,0.9924178050852998
미사경정공원 조정카누경기장,0.9844159333646804,0.9982182354386826,0.988339222614841,0.9964575202641848,0.993332897575005
문화역서울284,0.9286101170845352,0.9691764182269894,0.9384338260098032,0.9474268862754426,0.9512743588743412
예스파크,0.9122863840892256,0.9621941725781396,0.860159240195645,0.9665499148489528,0.9154131501910214
용문산자연휴양림,0.984751796869752,0.9990169574834112,0.9875147232037692,0.9963974782347644,0.9932675338257404
쉬자파크,0.9534709590890296,0.9365688981998052,0.8075670550864738,0.9469096846164862,0.9492086100044236
봉은사,0.9840128971585947,0.997849594494962,0.9861601884570084,0.9948363854698288,0.995424537551474
산정랜드,0.9709464767647318,0.9801304720531564,0.8777222009532782,0.9484859559916538,0.9797919287808154
전통술박물관산사원 본원,0.9555944872115236,0.9711315696781244,0.8375992621161361,0.9734269942931078,0.9837288366095048
현대모터스튜디오 고양,0.8811620139866272,0.8680116487859084,0.7065001513955877,0.8796569887012966,0.8780213392206488
인천문화예술회관,0.8683392952106707,0.834456116496343,0.6390832198723123,0.8377791444661628,0.8533787817592824
화홍문화예술센터,0.96236298371824,0.99055129514512,0.8674648723171147,0.9838280158897624,0.9816845061140406
리움미술관,0.9633908779472022,0.9953305480462028,0.9980565371024736,0.999399579705794,0.9782992352441336
파랑씨어터,0.751412703804767,0.7972690008229149,0.6893232185454592,0.8235699048719699,0.7620024671131512
우정총국시민광장,0.9732547708218132,0.9836479722217806,0.8448034441159752,0.9760510616961308,0.9793392479788048
운현궁,0.9906629945590112,0.998095355124109,0.9829210836277974,0.9932152506754728,0.9936597163213284
남양성모성지,0.8471526480482159,0.9178402675231084,0.8543872405799937,0.9205728588250756,0.8650910669107099
양화한강공원,0.813565816156911,0.8509618190880769,0.8340478430617849,0.8854515688979819,0.8401963404974802
어둠속의대화,0.9474696997738272,0.9846134298422368,0.9296341922103027,0.9567051009476282,0.9807752938595417
정약용유적지,0.8195118910193635,0.7802893060537959,0.7138491461192904,0.7889761032661216,0.7893586036835184
프렌즈스크린 덕소점,0.9734667830993484,0.9979110346522486,0.9932273262661956,0.998799159411588,0.9865350676514806
물의정원,0.8978928196832745,0.9457388742337408,0.8644312857988197,0.921117456626296,0.9401211235313974
한강뮤지엄,0.800480743018648,0.8444271464109956,0.9114942011172158,0.8246740693416039,0.836312042007177
미호박물관,0.8842169990464956,0.9140770160278746,0.7694899373678715,0.9625921377266562,0.904120419126484
가회동백인제가옥,0.9390880493189544,0.9381794309590868,0.8233524472832888,0.9448570035190254,0.9473589111239008
율동공원,0.9098303443216744,0.9316864770604518,0.8052689262646603,0.9233726014456908,0.8926198676215873
서울역사박물관,0.86227825154972,0.9214608987198544,0.9679421453652596,0.8876950205429426,0.9265971942131036
평촌중앙공원,0.8765811517080869,0.874972073783359,0.8110645227571076,0.9013101167118224,0.8549031423782325
서울대공원,0.7859416508351307,0.8291130244128593,0.695610525152845,0.8516180333733869,0.7503653495783149
과천향교,0.9887149862295964,0.9970508724502334,0.9823321554770318,0.9917742419693784,0.993136806327211
망원한강공원,0.7632938351813268,0.7766620979632578,0.7464503457425629,0.7533389349118923,0.7829178625114266
동구릉,0.949366478132148,0.907253620504062,0.7635374075948909,0.8882472986407448,0.9430647685804936
블루스퀘어,0.877492422603395,0.9652156552621612,0.8997600116072235,0.9399892747280024,0.9438609670237244
청수장계곡,0.9892523678377108,0.9964364708773654,0.980270906949352,0.9910537376163314,0.998104451271325
청계사,0.8787457757738442,0.8882828509860304,0.7119466230833792,0.8606606356700794,0.8874790719926788
아쿠아플라넷 광교,0.9356502925428538,0.9575004192963597,0.8101435180825547,0.9633867708217696,0.9612096383366202
서울명예도로 감고당길,0.990394303754954,0.9950233472597688,0.9745583038869258,0.9862503752626838,0.9911758938492712
서울어린이대공원 식물원,0.9491119186272796,0.9850786342228236,0.9029377015038262,0.9698695672812948,0.954367439049694
남산케이블카,0.8141396902494813,0.8093069986857127,0.6812418947846585,0.7953275419784499,0.8236266717626852
목동종합운동장 목동아이스링크,0.9735306467300506,0.9904503285073176,0.9200152026117075,0.9831828370478876,0.9728580089456866
예술의전당,0.918806133358971,0.9212305027812971,0.7915225016061365,0.9472700632557244,0.9523709150054678
북악팔각정,0.938194297240935,0.8820904093495907,0.7354657288775741,0.9087214024233896,0.9084588163478546
마이아트뮤지엄,0.7261820054425221,0.7786067065389122,0.8921594082454327,0.7561280330732694,0.7336501589234349
오이도선사유적공원,0.7998416752487952,0.8015193517704328,0.7591597962951464,0.8140234535283297,0.8573889006014772
국회의사당,0.8125891875571283,0.8042929745527483,0.724711238103384,0.8063877242581057,0.7584274926268384
수원시립미술관,0.9141586617771637,0.975199894779622,0.8864281531643597,0.9553228326303292,0.933238384679649
아쿠아플라넷63,0.9752132733257204,0.9986483165396902,0.9941696113074204,0.9987391173821676,0.9882998888816262
아침고요수목원입구,0.8611239636717425,0.8823100112441628,0.7579895988695431,0.8565193518952428,0.8504569477953831
쁘띠프랑스,0.8119524197337749,0.8134849851964385,0.6908083448370678,0.7761699366480403,0.8148616147114756
선유도공원,0.8095617341048897,0.7658902374287806,0.5397136121835822,0.7934044543190919,0.8208053161441038
아트포레스트,0.945388594075368,0.9861145244531826,0.9967020023557126,0.9906334434103872,0.9588208379632656
양재시민의숲,0.8198103741536563,0.8794046273251039,0.9561150761357377,0.8402747720177987,0.8627887185060232
레솔레파크,0.996656583820074,0.9770146740454224,0.8395129701950131,0.9561555896072692,0.9889042811420802
신북리조트 스프링폴,0.89085086845231,0.9420809460645592,0.9622309541403644,0.91512095865647,0.9236226779291752
허브아일랜드 불빛동화축제,0.8907097408824647,0.8925200109358147,0.7404398518146293,0.9003070792316359,0.8910545434492247
서울 선릉과 정릉,0.9882876490384052,0.9855702112963411,0.8407944971781753,0.9764041548492144,0.9861663331150742
연인산도립공원,0.9888493316316248,0.9966822315065128,0.9822732626619552,0.9926748724106874,0.9965357212889732
인사센트럴뮤지엄,0.958579311422833,0.970626903934782,0.8626619826557815,0.9849502768654383,0.9617207982862744
마로니에공원,0.8874479496255092,0.9294131540306914,0.9477415088595548,0.9134818322275916,0.8971338482491732
안산화랑공원,0.9044883388183907,0.9495943138725164,0.8788284579019519,0.918178000465938,0.9190525987456222
유리섬박물관,0.9644248304848502,0.9887168410131648,0.8519195918775204,0.9856181079555442,0.9655714209614789
아이존팝 광명철산점,0.9551978694607848,0.9863864624219792,0.9107587468475244,0.9769681723882974,0.9717824263485249
성남제1공단 근린공원,0.9935514207026264,0.9917670189235684,0.9693757361601884,0.9847493245271688,0.9994770900058828
상상의문 분당서현점,0.9553973265264996,0.9905996559351192,0.9968197879858658,0.998378865205644,0.9736584090463428
대한불교 조계종 심학산 약천사,0.9799456396769168,0.9801326364434756,0.9001247625748463,0.9751489198711571,0.9777422358722764
미메시스아트뮤지엄,0.972429967217454,0.9689284373922996,0.8491155283349624,0.9830634038093592,0.978425128577668
플라이스테이션코리아,0.8517458230635968,0.883722976718627,0.8281366814991851,0.8591337001759651,0.8141079749918463
소우주,0.9914018942701686,0.9901081346768248,0.9690223792697292,0.9830681477033923,0.9916334400941238
서울특별시 교육청과학전시관 남산분관,0.9334108257219428,0.9319102588950674,0.799578210110758,0.9312127468987872,0.942807351900994
인천어린이과학관,0.9759853564510216,0.9641645770894186,0.8528451370489882,0.9629417670351368,0.9830366682848666
동궁과월지,0.9834755155504804,0.9966207913492258,0.9847467608951708,0.9922545782047432,0.98947643636839
대학로예술극장,0.7301617900752466,0.7641545111240111,0.6664032287490695,0.784007037742612,0.7554661130385834
예스24라이브홀,0.8333515248998306,0.8582710613224988,0.7647767987666845,0.9291832424071554,0.8569172028685872
경기도남한산성세계유산센터,0.99305238936521,0.9825530573929582,0.8518908479619577,0.9827590574061454,0.9836308118375056
남한산성공원,0.9937529388056694,0.994654706316048,0.9740282685512368,0.98787151005704,0.9974508137786784
트라이보울,0.9658850290762804,0.984422551081658,0.8423526380869629,0.9825496875862008,0.9793411837299923
인천도시역사관,0.9775643178612212,0.9991398377979848,0.9925206124852768,0.997778444911438,0.9871887051441272
국제갤러리,0.9389400147779944,0.9862374047677562,0.0,0.9930951666166316,0.9589515654617948
전곡선사박물관,0.9743801150319846,0.9871873674621012,0.8634217397210346,0.981402171081043,0.9934831389746466
연천전곡리선사유적지,0.9304547027034598,0.9353992126779044,0.8711815723127421,0.9509808494426526,0.9324847970897644
탑골공원,0.9114555685316914,0.9479705249977408,0.8104096426036094,0.95008985484332,0.9636949308674788
대한민국역사박물관,0.9549697896500312,0.9824608041316562,0.8638773520288037,0.9757719924135942,0.9813352750527976
서울함공원,0.9278069115824188,0.9697249671390974,0.9012418104856214,0.9770229029836964,0.9514831524032688
충무아트센터 대극장,0.9290389483494988,0.9530196445026732,0.8230171427232044,0.9411948808016428,0.9207646959519432
우산각어린이공원,0.9856203600763436,0.9688144658075074,0.8276441558081968,0.9597680834202352,0.9880062698320664
아쿠아플라넷 일산,0.9777658359642644,0.9976652740231012,0.9901060070671378,0.997178024617232,0.9886920713772144
국립항공박물관,0.9492472731531212,0.9479397677089484,0.8417573566673068,0.9485503440202244,0.9704376040457576
봉선사,0.7618507524708219,0.7876688041499138,0.6736396808315093,0.8181879139089954,0.8259368361537658
국립수목원,0.8599010090189781,0.8418137288233012,0.7107765318882696,0.8087919871249852,0.8084867238329325
안성팜랜드,0.8806219687195438,0.930222837565074,0.8857627836062909,0.8952735208080362,0.9202598715039326
짜장면박물관,0.7506247171734395,0.8124339070236959,0.9269955124127248,0.7765881735215266,0.7948408456651226
나이스스크린골프,0.7329127222079048,0.7860428415822817,0.7294608822997655,0.7886505327180171,0.8261275441365867
주렁주렁 동탄라크몽점,0.9414139442069208,0.9846573223135396,0.8777720196281056,0.9703680000227016,0.9555352078874444
호계체육관,0.9762208638409352,0.9983411157532562,0.992873969375736,0.9984389072350645,0.9876462513889795
피규어뮤지엄W,0.8269259557648758,0.8230983077494127,0.6940973677180196,0.8021718922551242,0.849014545561105
현대모터스튜디오 서울,0.971840389304135,0.9853814597159332,0.8624544459654824,0.9833589533427534,0.9866936115818002
서울시새활용플라자,0.9709921726009934,0.9903625621697862,0.8607396973212234,0.9874773535351248,0.9855521891170388
파주DMZ곤돌라,0.9903271310539395,0.996190710248218,0.978563015312132,0.9897928549984988,0.994836263808092
라인프렌즈 월드 팝업스토어,0.972526365285148,0.9977267141803884,0.9959363957597172,0.9993395376763734,0.985293156415452
별빛마을포토랜드,0.948724222529473,0.9930396215152354,0.9107276864218375,0.9730926484663788,0.9696298327991956
에이치씨어터,0.8545904075913839,0.8821672979203024,0.767938656892913,0.9230694734027782,0.8547665033666502
장경리해변,0.9798829884211138,0.9669689199503776,0.8265082536981576,0.9490655716270472,0.9812655324049752
양평곤충박물관,0.9726552621317488,0.9855175031206292,0.8558463506809786,0.9604038577543684,0.9786992650039624
콤콤오락실,0.943753685129394,0.9478410212766886,0.7798660625372749,0.9548597323376542,0.9619218071066548
인천상륙작전기념관,0.9640958703850852,0.9871061780183624,0.8738301349730386,0.9953445805159264,0.9811308917002746
고양어린이박물관,0.9595100017113742,0.9673682716702046,0.8294980732529847,0.9805755645102808,0.9652548613489194
대릉원,0.9018598030633904,0.9586107360259208,0.8583305370725919,0.9871358486849556,0.9512031670196152
크라운수상레저,0.9752804460267348,0.997235192922094,0.9931684334511188,0.9975983188231762,0.9869272501470684
하마씨어터,0.7384568912255742,0.8170376272497163,0.7167026239754412,0.7845241129388536,0.7582947876733255
물의정원 자전거,0.9733948892678456,0.9670435697104726,0.8360726853711837,0.9496295675749352,0.9835181386072362
설화수의집 북촌,0.960908436933324,0.9876767150275392,0.8673946848017883,0.988495464754024,0.9859555934090098
고양어울림누리 얼음마루,0.9586465661374436,0.9829413639002964,0.9124537297663464,0.9618122421645012,0.98071870875929
가나아트파크,0.9505818447443688,0.9810105509872932,0.871645755022612,0.9810537169504732,0.9561707285561376
행궁파티,0.9680257943171896,0.9949004669451952,0.992873969375736,0.99597718402882,0.98091378521472
홍대동물원,0.9810572983139652,0.998771196854264,0.9896937573616018,0.9975382767937556,0.9909144388522126
서울시립미술관 서소문본관,0.8635677655844322,0.9089256120257048,0.7875708266116845,0.9274823713288916,0.894150261389661
"동장대,연무장",0.9928125209914692,0.9960063897763578,0.9765606595995288,0.9896727709396578,0.9944440813125042
영녕릉 세종대왕유적지구 세종대왕릉,0.9521662582758048,0.9652990277012936,0.7972027317822585,0.9454140717777076,0.9813377182001676
용인어린이상상의숲,0.783827244050846,0.8361654794107192,0.7950115976284968,0.8170523219125061,0.7851441119147495
백두대간,0.84399512816418,0.8761395297971801,0.7901164313626959,0.8786975962799974,0.8709372092637253
우리유황온천,0.9530826568037734,0.9761258073144884,0.8829534770748426,0.9546142527859504,0.984127375458634
나리공원,0.9923423120843688,0.9896780535758172,0.9664310954063604,0.981206844791354,0.999803908752206
한국이민사박물관,0.980990125612951,0.9992627181125584,0.9921083627797408,0.9979585709996998,0.9896071638669196
미술관옆사진관,0.9033163680959324,0.888980578485345,0.7640834974423124,0.90798009341153,0.8960802122745448
삼청공원,0.9079745371033182,0.9277103587075703,0.7920444668510828,0.979412323446098,0.9259899139647914
아이사구아,0.956880456832561,0.9511917579619732,0.8107753050974051,0.9446714611252226,0.951212908331248
서울시립미술관 북서울미술관,0.7795585076900191,0.8283098247468972,0.7116368344025604,0.9027221963007928,0.8047224384409576
플라잉수원,0.9777658359642644,0.9990169574834112,0.9932273262661956,0.998799159411588,0.9886267076279496
국토지리정보원 지도박물관,0.9172419058696012,0.9690140114319004,0.8553997131365452,0.949102100844885,0.9348349519456892
유아트스페이스,0.8720709316622566,0.90458003410583,0.735006285418446,0.9046950177360872,0.9030443395590892
아더 신사 스페이스,0.9199973130919594,0.9740722536249692,0.9923439340400472,0.9853497448213748,0.9405189881691616
정샘물 플롭스,0.967299934767812,0.9867485357744448,0.8740034860050577,0.9767106634564052,0.9704380801640928
홍익스포츠스파,0.9817290253241082,0.9987097566969771,0.9902826855123674,0.997478234764335,0.9916334400941238
미리내성지,0.9773856494592136,0.9903362266870046,0.90102842426458,0.9824690506410072,0.9781017364932318
웨스틴조선 서울 수영장,0.9830724793443943,0.9979110346522486,0.9869257950530036,0.9956169318522964,0.9935289888227988
잼라운지,0.938984423357378,0.9718117867016038,0.9655378271710736,0.9582989228800444,0.9614720559962984
그라운드시소 서촌,0.9420350082095252,0.9765010530596132,0.9088680256768014,0.9602163628996272,0.9466394024858076
소마미술관,0.9435749311479816,0.9772559384482618,0.8668957098917861,0.9803167539377636,0.9602779303596098
아트스페이스 광교,0.7636183130597745,0.7959787854275036,0.654905316418149,0.7811763919527395,0.7448259733964815
숭례문,0.9102232072760352,0.9320199668169816,0.8175219592137957,0.9200077709796016,0.91144992726719
누에섬,0.9875998152711498,0.990961654867287,0.8605554525233992,0.979327676707508,0.9884999141874896
서울숲,0.9711157385638476,0.9264561317276973,0.87773851590106,0.9065145601921344,0.9638538466566444
콘텐츠플래닝,0.8659116713712637,0.935469496447212,0.8624720939346227,0.9734295975743588,0.8929651750507098
섬세이 테라리움,0.971084616187032,0.9860726568341412,0.8878496473901498,0.9749147140078092,0.9672825972089762
일상비일상의틈,0.962727790891118,0.981348350919387,0.8344286314071894,0.9932678190668944,0.9664606431965304
R&J씨어터,0.928110964509629,0.8906372890392321,0.7418049753428744,0.9050645911400284,0.8815982807359963
모비딕수상레저,0.930535721438981,0.9131312611811846,0.7440902982499932,0.9239473467243364,0.9228544001772244
국립현대미술관 과천관,0.9166131290231548,0.9563638601093885,0.8227968994951241,0.9474176699195448,0.926383493537538
파주삼릉,0.8674843783533086,0.8011024802722334,0.6651428793288755,0.8136081345506532,0.8760887401447328
덕평공룡수목원,0.8358803107271223,0.8702410700418289,0.8093569361042084,0.8880893035275725,0.8577049840957014
안양예술공원,0.9342652184054514,0.9789674843580316,0.9036611551545024,0.9531418165530008,0.960445252938943
"안양박물관, 김중섭박물관",0.950896755558541,0.9878962890144998,0.993050647820966,0.991714199939958,0.9673181253676713
국립서울현충원,0.8982965013007036,0.8750729660008638,0.7794754941328556,0.8537517092129907,0.9188935682710182
안성맞춤랜드,0.981251752550318,0.9633266541529764,0.8153434219405309,0.9573677871643612,0.9702448977560548
롤파크,0.8498434713465498,0.8523068977469825,0.8067274332505832,0.8371466458247887,0.8637428179460553
한국은행 화폐박물관,0.952459492539947,0.986232843423688,0.9137274882162968,0.9678660740109776,0.9816640399762578
옥천레포츠공원,0.891573661406355,0.9343065180546246,0.8107404100935692,0.93373503649205,0.9016132112509392
실학박물관,0.8376113396077253,0.825834614954218,0.7304288819740833,0.8497273818581463,0.8575469371356148
다산생태공원,0.9887821589306108,0.9684197591545832,0.9346878680800942,0.954848393875713,0.9921563500882412
별빛정원 우주,0.9133766906648196,0.9588279781768928,0.8057795008592334,0.9617522001350808,0.9422356727930192
천마정,0.8404652915145103,0.87633472803586,0.9081359981972345,0.8294618120077457,0.8826577760939329
놀로 아쿠아센터,0.8496819580493611,0.8910651778423089,0.7978248381150077,0.91414468808943,0.8961363108305119
악쓰는하마 코인노래연습장,0.9794451534896218,0.998771196854264,0.9921083627797408,0.997778444911438,0.9895418001176548
솔찬공원,0.9828709612413516,0.99711231260752,0.9858068315665488,0.9946562593815672,0.9943133538139748
경반계곡,0.9948948747229128,0.991889899238142,0.9669611307420496,0.9823476433503452,0.9986927250147069
문호종묘,0.9757477095759924,0.9832068924209698,0.8532096858359935,0.9872033643523752,0.9834376502813658
수원광교박물관,0.8606317537260364,0.9229771719706468,0.930517382255834,0.8926900972877665,0.8896555687676271
용문사,0.9885134681265532,0.996497911034652,0.9797997644287396,0.9916541579105372,0.9966664487875024
한국근현대사박물관,0.942590475598484,0.9839397804100126,0.8915924663801048,0.961361276123534,0.9548201094257556
웅진플레이도시,0.97380264660442,0.9976652740231012,0.9945818610129564,0.9980186130291204,0.9868618863978038
63빌딩 에릭요한슨 사진전,0.9695035937395042,0.9969279921356596,0.9965253239104828,0.9992194536175322,0.9829400614419244
인천SSG랜더스필드,0.8547457056843117,0.9172829122091284,0.8399450918564799,0.9206468826956224,0.8784574253872524
부평역사박물관,0.8398126986329182,0.8516771314835241,0.6946130824977791,0.8082444714279549,0.8080959905442482
베어스타운,0.9843487606636664,0.9693413615138856,0.9405771495877504,0.9568297808465924,0.988757435126479
파운드리 서울,0.8021049545390435,0.861251318262545,0.7917643233316295,0.8498396344820394,0.8432526692027951
아뜰리에아키,0.9594649905103494,0.996822650204533,0.8891370204772642,0.9866167161562563,0.9696371309634586
폴스타아트 갤러리,0.9156811086880332,0.9402640768287368,0.8531909310136432,0.9217377161444428,0.9336388697059153
평택호관광단지,0.9356785087857208,0.9255890949506992,0.7559650478373048,0.9283748557206936,0.9369411465468882
레저친구,0.9782360448713644,0.9985254362251168,0.9928150765606596,0.9980186130291204,0.990849075102948
이회영기념관,0.9556013906168302,0.9831300689680184,0.9181482804983978,0.9551426016705478,0.9679781817695526
반포대교 달빛무지개분수,0.973601128501377,0.99711231260752,0.994110718492344,0.998198739117382,0.986273612654422
경의선숲길공원,0.9915362396721972,0.994408945686901,0.975206124852768,0.9879315520864604,0.9979737237727956
효사정,0.9145045380725764,0.965018153095104,0.8321829393278584,0.9662202296359326,0.9440707336412204
가평레저파크,0.9538821895231082,0.9832836786637726,0.8870616535742724,0.9778308670996236,0.9775593125980022
DDP패션몰,0.9604448069429544,0.9757067621234324,0.878290458706014,0.9769002156436044,0.9651255622053958
지투존 영등포점,0.9661225154899258,0.9653275647845434,0.885260179725547,0.9583669844962572,0.9771383405820556
콩치노 콩크리트,0.967259929961958,0.9816445344009436,0.845435131753912,0.996941761421426,0.9726209332925824
진주성,0.9700373845784328,0.962727291681897,0.82297650099233,0.9608857053733976,0.9761554620476136
호반전망대,0.8295290601734682,0.8006702347809065,0.6842286850570156,0.7492036133913897,0.7640346235755617
시흥배곧한울공원,0.7553159875813729,0.8224665910539906,0.7683490835461027,0.8067786050872618,0.8160244868285373
시흥갯골생태공원,0.950510072150356,0.9782851773645308,0.8758399473809524,0.9500910300212304,0.973603843104871
볼원볼링센터,0.8893964821287775,0.9456116000207682,0.9550107381895336,0.918475943537544,0.9233343795888946
인천아트센터,0.9623832874319878,0.994101744900467,0.9983510011778562,0.9990393275292704,0.9760768677691352
국립과천과학관,0.7508510212115471,0.8054757208368621,0.9579075786479174,0.7934774078832476,0.8143138179772219
더그림,0.981926225233026,0.9770167361078328,0.8090399820052396,0.9749002910894092,0.9858941532918656
송도센트럴공원 꽃사슴정원,0.7819537967777115,0.8346645987581287,0.7378142794892766,0.8705091447502411,0.6650361548277328
미란다호텔이천 스파플러스,0.9798481896957076,0.997480953551241,0.99075382803298,0.9975382767937556,0.9894110726191256
안흥지,0.9938201115066836,0.9941631850577536,0.9722025912838632,0.9851696187331132,0.9988234525132362
온릉,0.807197852658695,0.8125633828371364,0.7597007219698506,0.7664534361353882,0.8065628825541318
여의도공원 문화의마당,0.9605668823978448,0.98311915399105,0.8505564833018686,0.970701253951844,0.9687713358356908
화성융릉과건릉,0.9740685132881246,0.9809908203059154,0.8518811638530663,0.9642932154635028,0.9815640377492753
양주전통문화축제,0.9641313537457282,0.9869811426160068,0.9073667626304972,0.9781971864020008,0.9808699128215512
회암사지박물관,0.7405252384611274,0.8580867594557127,0.8874831796006748,0.8378533780797488,0.8299235278886767
킨텍스 제1전시장,0.9569422986498288,0.993425903170312,0.9988810365135452,0.9987391173821676,0.97516177527943
예래원,0.9291819301397776,0.9142865494763626,0.7866135013886039,0.8818063212418835,0.9271087364475524
구리타워,0.970211371073846,0.9839990282693688,0.9017612570398263,0.9685926454898784,0.9939567828846732
발트바우,0.949850051689604,0.9609630655040264,0.8859410760696691,0.9384836682502986,0.9611437880430712
서울시립미술관 남서울미술관,0.9667509678477963,0.9820197615409942,0.8700180365671404,0.9810772513532512,0.981277706438029
예그린씨어터,0.9548553450253864,0.975443397993078,0.8387815561108783,0.9699389305381332,0.9734979710686312
LG아트센터 서울,0.9677169382458946,0.991069151886196,0.9095347042686976,0.982108693592964,0.9811708717391698
한국민속촌 자동차극장,0.9674212400080606,0.9952691078889162,0.9919905771495876,0.996877814470129,0.979737237727956
국립유명산자연휴양림,0.8786655236871561,0.8955328453610963,0.7963180270954924,0.9019185565928204,0.881038320394638
기억저장소,0.9709418340820308,0.9550603327832596,0.7930538141750407,0.9681737577960794,0.9543157402441824
병목안시민공원,0.9469783384905504,0.9754126686118976,0.9127643271696344,0.949835495141472,0.9792451155610792
가평군어린이음악놀이터,0.9716531201719624,0.998156795281396,0.9948174322732628,0.9989192434704292,0.9858160664095692
신해철작업실,0.95839095471906,0.9918722399217118,0.9240531915958108,0.9797542693735404,0.978187090261944
딜쿠샤,0.9603051734468816,0.9495289449436902,0.8168051501091707,0.9472855965784496,0.955474647025328
씨사이드파크,0.9819576720984176,0.9654680299952498,0.8301302612022798,0.9566299851794952,0.9712410068197106
한국만화박물관,0.9678914489151608,0.9969279921356596,0.9969964664310954,0.9999399579705792,0.9820903327014838
상촌재,0.7982658624475241,0.8473763018683735,0.7218927512011928,0.859294847603638,0.7894176319311397
광야아트센터,0.9477216776333228,0.9889867355246256,0.9250046535809888,0.975593167965958,0.978306098993857
광명시민회관,0.9696695892580104,0.995580646758526,0.8718364524662403,0.9923743476490255,0.9738687039119188
이뜨랜수상레저,0.9829381339423656,0.9985254362251168,0.9900471142520612,0.9970579405583908,0.9916988038433886
호암미술관,0.9583656838340356,0.9877096274041136,0.8939041104621684,0.965931943997498,0.9769022484434684
수도국산 달동네박물관,0.9836098609525088,0.999692799213566,0.99075382803298,0.9967577304112878,0.9914373488463298
홍건익가옥,0.8169892419485453,0.886448331736315,0.8453433623143828,0.8506481661379548,0.8600005208804093
쉐라톤그랜드 인천호텔 6층 수영장,0.9772284543561496,0.9970508724502334,0.9888103651354536,0.9948964274992494,0.9899993463625074
아트필드갤러리,0.9338298866715448,0.9753644659650303,0.8544281838683991,0.9639253014971364,0.9650070191658692
노보텔 스위트 앰배서더 서울 용산,0.9401892530054043,0.9840100083640972,0.8688422980219059,0.9747492205809862,0.950566103310478
철도박물관,0.9788405991804932,0.9993855984271318,0.9913427561837456,0.9975382767937556,0.988757435126479
수원메쎄,0.7624579276492174,0.7748541746673654,0.6375409141606893,0.8087952412265489,0.7696167739506081
국립한글박물관,0.8694877708207507,0.9006982403791982,0.77592064828838,0.8994344124725795,0.8820260747978708
아르코미술관,0.960627675867406,0.9795972320164156,0.8477423381427648,0.970653472636846,0.9594716395977986
드림아트센터,0.91635885121716,0.9401784562764504,0.8350708050229068,0.9312767987216038,0.9191511100619054
월미바다역,0.9399063132304768,0.9750242783817248,0.8345098086384444,0.9577614625110688,0.9490939801710684
넥스트에디션 보네르관,0.9574066560651376,0.985616296065575,0.8875000222741358,0.9907451932678776,0.9726501885053274
캠프통포레스트,0.8950773392846774,0.8714326320303522,0.716650989101848,0.8807394663575712,0.8816665950288131
사직단,0.9634213584784832,0.9433075755174388,0.8194318395681037,0.9413838870400484,0.9512285298780868
아난티코드,0.9903271310539395,0.9954534283607764,0.9776207302709068,0.98991293905734,0.9975161775279432
도산공원 도산안창호기념관,0.9717499247418282,0.9558458917378658,0.8850201707720298,0.9647991650252988,0.9512856015226224
볼원볼링장,0.9585425372395036,0.9499914546893382,0.8063481595464136,0.9688247940207688,0.9450711798996378
삼성산성지,0.9807757313753204,0.97612154365161,0.8295156149916312,0.9799198460806876,0.9736492064087392
용인농촌테마파크,0.9891206468707574,0.9827021894674788,0.862038766043032,0.9698937309131906,0.9839566574952604
와우정사,0.9840128971585947,0.9983411157532562,0.9888103651354536,0.9969378564995496,0.9930060788286816
두리랜드,0.9573648754866376,0.9852256577222482,0.8579311960854543,0.9929341240604784,0.973455547882366
부천자연생태공원,0.99079733996104,0.9947775866306215,0.9778563015312132,0.9896127289102372,0.9986273612654424
수원향교,0.8951433816243889,0.9393688192547536,0.9078611970435848,0.8913542037733204,0.9232100084439064
아더 스페이스 2.0 플래그십 스토어,0.9669510311009606,0.9964364708773654,0.9976442873969376,0.9990393275292704,0.9805869664683968
인천환경공단 송도스포츠파크,0.7462821079573776,0.7826218862454496,0.7266665988162222,0.771816133823215,0.868322669719088
파사성,0.9909316853630684,0.9989555173261242,0.9824499411071848,0.9923746622635844,0.9935943525720636
설문스파랜드,0.9806021478162708,0.9817411164428844,0.842005329481073,0.9843399893950218,0.9843190773819214
장릉,0.9783868215190812,0.955139339231605,0.7924331196798227,0.9646558827694336,0.981360161792934
이천보고가,0.9658503943780664,0.976496696371363,0.8574463361239741,0.9680405524594636,0.9859809771193792
호명호수,0.7874298624183416,0.7988738776395856,0.6971491847597759,0.8385800513457128,0.8153692854435486
필룩스조명박물관,0.968563175925304,0.9976652740231012,0.9958775029446408,0.9992194536175322,0.9845087914242762
여주농촌테마공원 본관,0.9581270278351935,0.9792856373315828,0.8974142812437932,0.9587748082447396,0.976705691503288
신륵사관광지,0.9799014771383217,0.9765800595079582,0.8395734804550283,0.9641222224508148,0.96281300679669
향남힐링스파,0.9930812117955264,0.9799090685672156,0.9498233215547704,0.9696187331131793,0.9936597163213284
카카오스크린골프&펍 위례점,0.9002993695942922,0.9182352625546856,0.8010397395255705,0.9154437161802844,0.9380280134961267
건국대학교 일감호,0.963956721838972,0.96468028804525,0.8451128318623493,0.957542099052199,0.96714164185453
현대카드 바이닐앤플라스틱 (배달의 민족 팝업스토어),0.9535164908980992,0.9912140575079872,0.9965842167255594,0.995376763734614,0.9696712203411988
상주활공랜드,0.9609413778724878,0.9832046815179648,0.9072110595676186,0.9731507380348612,0.9685849963254786
문강 유황온천원탕사우나,0.9621243277193984,0.9793690097707152,0.8373679263684235,0.9857894587651816,0.9730638623570111
쎈토이박물관,0.9623161147309732,0.9955763086753502,0.9955241460541814,0.9962773941759232,0.9767958690110464
웨이브서프,0.9776616466049406,0.9860331582612372,0.8644592209919133,0.9806349557193887,0.981985009765222
파주놀이구름,0.9689641546598702,0.9807953243860454,0.867858062215979,0.974376288203962,0.9829088704779914
효창공원,0.8531241150331828,0.811799765466913,0.6796826470226608,0.8107144239640305,0.8534856164581417
광림아트센터 BBCH홀,0.8021974016908908,0.8821189371303031,0.847121845828164,0.8982748665872337,0.8686948309173815
와이즈파크,0.931819548009094,0.9673137339955118,0.8818951197985267,0.9671723149798818,0.945716410602117
키득키득아트홀,0.9046301510234732,0.8982537971778483,0.7338166306785168,0.923819893899016,0.9158463379438178
콘텐츠박스,0.9490608919072714,0.9841527216879576,0.881024536913863,0.9927173638828592,0.9650182409622524
CN스파,0.985154833075838,0.997173752764807,0.986336866902238,0.9950165115580906,0.9930714425779464
디도재즈라운지,0.9804466892619592,0.9753095189787014,0.8576739435240315,0.9709743825712416,0.9813708761931352
서순라길 K 주얼리 종로페스티벌,0.9743400282125344,0.9982182354386826,0.9942873969375736,0.999099369558691,0.9864043401529512
김포아트빌리지,0.8783447970392779,0.8580406932915534,0.6814875510883005,0.8828394260036274,0.867566566000191
니지모리스튜디오,0.9076159451347016,0.8883596000186844,0.7355264378914166,0.8505332886416155,0.8767047886161093
서해랑 제부도해상케이블카 전곡정류장,0.9301560591077837,0.960447401060881,0.8371710778365221,0.989312518763134,0.9499295574234716
코버월드,0.850091170235814,0.7886233560959389,0.6492246818807924,0.7627125240622303,0.773418658789802
코드케이 인천구월점,0.8341395115311581,0.8170134933674027,0.6044096792017278,0.8333525145398963,0.8412411456933505
포천종합운동장,0.9681009615609192,0.9844664156453492,0.8693582149822828,0.9898231073474436,0.9934255807858268
나인블럭 가평점,0.967945463782714,0.9682504033642142,0.859165018723296,0.954166750589586,0.9877199385208204
공산성,0.9914018942701686,0.9625829442123373,0.9236749116607772,0.944040828580006,0.976338322766194
예림당아트홀,0.8033569776629126,0.8161357741768662,0.7151098964739289,0.8659041314536121,0.8285128031626157
아트원씨어터 1관,0.9595620339893868,0.9949619071024822,0.9997055359246172,0.9996397478234764,0.9765997777632526
인천향교,0.9938201115066836,0.994654706316048,0.9736749116607774,0.9858300810567396,0.9947055363095628
부평풍물대축제,0.9686303486263184,0.9965593511919392,0.995583038869258,0.9982587811468028,0.9829400614419244
상동호수공원 분수광장,0.991939275878283,0.9917055787662816,0.9694935217903417,0.9833683578504951,0.9990195437610302
영은미술관,0.9635542098067394,0.9727070907882728,0.8286010663896723,0.9724703316157745,0.9800382383493704
백남준아트센터,0.9572862779351056,0.9905052196784234,0.904393282010983,0.9890738836203116,0.9696800511199568
화성종합경기타운,0.9385525647209758,0.9853704796212046,0.8675873971980097,0.965691125059503,0.9796758184627096
행주산성역사공원,0.9862295962920667,0.9972966330793808,0.982567726737338,0.9921945361753228,0.9909144388522126
놀숲 동탄남광장점,0.9675658406754104,0.9815984403291728,0.8814455592021171,0.9615961328071948,0.973397016604978
여주오곡나루축제,0.9751461006247062,0.9973580732366674,0.9929328621908128,0.998498949264485,0.9884959801294204
율곡수목원,0.990864997612014,0.9793339888190448,0.8465341239075223,0.9743641323610592,0.9921319811702358
크리스월드,0.9753110870193994,0.9592471070907832,0.841798903070774,0.954610347864074,0.9743706507980202
레스트,0.9827366158393228,0.9982182354386826,0.987396937573616,0.9957370159111376,0.9933982613242696
하늘궁,0.8054017905621935,0.8607925047250067,0.9126574284517064,0.8230724159742395,0.8648330281495895
서오릉,0.9896554040437966,0.9963135905627918,0.9812720848056536,0.9916541579105372,0.9950977188051509
한택식물원,0.7882523268523076,0.800738307647209,0.7327446553382468,0.8106009313886411,0.8121295156418288
예크생물원,0.9913347215691544,0.997173752764807,0.9812720848056536,0.9918342839987992,0.9971893587816196
아름지기,0.9283640335065336,0.9539236805709168,0.9219041075836648,0.932030787933964,0.9494807898276324
사우스스프링스CC,0.8465387691497914,0.8447036364213234,0.7436327669397544,0.8308143739248934,0.8600244241060284
평강랜드,0.9289641876079412,0.9613756640368104,0.8352776323676502,0.9545212502548146,0.9477335363214624
덕암사,0.984340930148143,0.989443142805878,0.8483144236200693,0.9866662401891536,0.9886603938689972
박물관은살아있다 인사동점,0.9650030227715456,0.99404030474318,0.9968197879858658,0.9991594115881116,0.9782992352441336
"동막골 계곡, 힐링야영 축제",0.9928796936924832,0.9851314819365936,0.95736160188457,0.9735815070549384,0.9960781750441206
킹덤락볼링장,0.972837403631261,0.9541562688074046,0.8253437104762594,0.9655670312072656,0.9744408799901269
박완서 작가가 살던집,0.9798481896957076,0.9984025559105432,0.9895170789163722,0.995376763734614,0.991045166350742
제로월드 서현직영점,0.9817736728126634,0.9662513780468508,0.8754609820878939,0.958191519021704,0.963862222168965
김포조각공원,0.9653141823551484,0.9828667885604988,0.8462054776006492,0.9868375909987912,0.9834561598160628
을지로노가리골목,0.8910715206839038,0.8639148517189215,0.7288312130412118,0.8989540762372148,0.882225582281603
북한산국립공원 회룡탐방지원센터,0.8602352928708727,0.8787453875229856,0.7513393300789792,0.8472040373807745,0.8744159070621458
강동구립 성내도서관,0.8858790794534384,0.90286183688197,0.743759328579416,0.9411441599996396,0.8871449238042459
전등사,0.9863639416940956,0.9976652740231012,0.9855712603062426,0.9945962173521464,0.9932021700764756
시온아트홀,0.9558165122794002,0.985618451153357,0.8695308600955362,0.9797035485715372,0.9704854000710466
김포에코센터,0.916666901415728,0.9199424238685938,0.8082443258866443,0.9404536766613028,0.8822026625705013
양녕대군이제묘역,0.987102841405253,0.998095355124109,0.9856301531213192,0.9953167217051936,0.9934636250735344
포스코센터,0.961852648767796,0.9931822883264098,0.8964735108438032,0.9828953071012856,0.9803216295430136
텐텐볼링,0.9774299724591926,0.9985868763824036,0.9934040047114252,0.9986190333233262,0.9891496176220668
아름다운청년전태일기념관,0.9679092529971316,0.9927543623131844,0.8917041009219847,0.9825583579933056,0.9793324155069284
동대문디자인플라자(DDP) 디자인랩,0.9683616578222612,0.9966822315065128,0.9967020023557126,0.9986190333233262,0.9824825151970716
동관왕묘,0.9378747829679556,0.953978543834411,0.8073725299182766,0.9603546483360296,0.9585287619541498
경주동궁원 동궁식물원,0.9420704523462746,0.9517052208046506,0.809221502504915,0.9579527574161668,0.9370114695725352
슈페리어갤러리,0.9245036606697304,0.9679761800721148,0.8255611300292771,0.9799731917551368,0.939316219420796
일본군'위안부'기억의터,0.9632769610622196,0.97856369222712,0.8497421717378363,0.9460157937125392,0.9584599819689468
키이스케이프 홍대점,0.9673318665831632,0.9877074258036456,0.8634525979661041,0.9889704895553671,0.9789675524728976
최경환성지,0.8570664337157239,0.8691526948966504,0.7230481209059282,0.9096173722509896,0.8221872096460101
삼청동 갤럭시 스튜디오,0.9690333848324042,0.9957606291472104,0.997585394581861,0.999399579705794,0.981109876462514
연극플레이스,0.8849902517569933,0.8831371122290087,0.7106455394089775,0.923262825640334,0.9085890364502018
인천광역시립박물관,0.9748102371196344,0.997788154337675,0.9938162544169612,0.9985589912939056,0.9840512451794236
인천통일관,0.969567942320166,0.9992627181125584,0.8852858943586399,0.9842736704967082,0.9800021506647488
교하중앙공원,0.9058716764070412,0.9212196622246266,0.8256766916726395,0.8942539814857968,0.8884921996803321
의선당,0.9756163095318062,0.9976038338658146,0.9928150765606596,0.997778444911438,0.9864043401529512
제부도해상케이블카,0.9834755155504804,0.9984025559105432,0.9878680800942284,0.995857099969979,0.9938558075691224
화담숲,0.9920736212803116,0.9942860653723272,0.97414605418139,0.988291804262984,0.9994770900058828
스페이스소,0.9447567934232912,0.975188905382356,0.8816975687746498,0.982605824693745,0.972709682445335
석촌호수산책길,0.9920064485792974,0.997542393708528,0.981095406360424,0.992134494145902,0.9974508137786784
대성리국민관광유원지,0.9453139973610024,0.941576494279572,0.8354840553511589,0.9191577132863856,0.952021663092327
SETEC,0.939064796681556,0.8977446910234212,0.7962615570210339,0.8913483679817009,0.8868083428943918
율곡문화제,0.9569982105275175,0.9627582722315816,0.8512912282260041,0.9494134366264336,0.9541513056527076
클럽오션,0.9853890496430652,0.9910998440572278,0.8687784637754701,0.9885174661819424,0.9857170685490018
평촌공원,0.9832739974474374,0.9571147702138116,0.9169611307420494,0.9411588111678174,0.9841819726779528
수종사,0.9872371868072816,0.9979110346522486,0.9850412249705536,0.99495646952867,0.9955552650500032
티케이프,0.9748102371196344,0.9923814204964364,0.9834511189634864,0.9915941158811168,0.9793450552323684
클라임 어스,0.9650165478832852,0.9915760192300064,0.8836498042548946,0.9896903430881016,0.9768500630936726
일민미술관,0.8128224342244363,0.8537178848818713,0.8669110379240121,0.8398553599664016,0.8083379107882965
아스가르드 씨어터,0.9669165176402368,0.9873168525780792,0.8623086257653222,0.982400233332962,0.9761710523166056
노량진축구장,0.9465997245070596,0.9617727583409462,0.8070723191158553,0.9573348914362316,0.9340359593481408
명동실탄사격장,0.9720962431974982,0.9870381609672833,0.8506326231516408,0.98430900294544,0.9815620915721384
차이나타운 길거리공연,0.9727950560892054,0.997849594494962,0.9948763250883392,0.998799159411588,0.985489247663246
플랫나인,0.9753145173272016,0.9891074328438056,0.8757554461632766,0.995272509106318,0.9796909221874176
인천나비공원,0.9890508497346676,0.9963750307200784,0.9810365135453476,0.9926748724106874,0.9968625400352964
더이진,0.9161310923291736,0.9120013347032292,0.7328720257003776,0.924732217514759,0.9056637236946704
